{
    "date": "20240227145002",
    "receiptNo": 1,
    "counselor": {
        "name": "1",
        "organization": "1"
    },
    "kid": {
        "birth": "2024-02-06T15:00:00.000Z",
        "name": "1",
        "sex": "Female",
        "은/는": "는",
        "이/가": "가",
        "을/를": "를",
        "과/와": "와",
        "라/이라": "이라",
        "랑/이랑": "랑",
        "가/이가": "이가",
        "였/이었": "이었",
        "고/라고": "이라고",
        "로/으로": "으로"
    },
    "agree": true,
    "figures": {
        "1": [],
        "2": [],
        "3": [],
        "5": [],
        "6": []
    },
    "positions": {},
    "friendly_message": "",
    "llmCompletion": {},
    "abuser": {},
    "score": 0,
    "abuse": {
        "1": 0,
        "2": 0,
        "3": 0,
        "4": 0,
        "6": 0
    },
    "report": "",
    "scripts": {}
}